Isotope,Energy (keV),XS or I,Info
6Li,2186,170.771,"(n,n') XS"
6Li,4312,112.822,"(n,n') XS"
6Li,5366,96.8155,"(n,n') XS"
6Li,5650,35.4667,"(n,n') XS"
6Li,3464,35.4667,"(n,n') XS"
7Li,477.61,215.07,"(n,n') XS"
7Li,4630,165.865,"(n,n') XS"
7Li,6202.39,118.357,"(n,n') XS"
7Li,6981.89,35.6563,"(n,n') XS"
7Li,779.5,35.6563,"(n,n') XS"
9Be,2429.4,165.625,"(n,n') XS"
9Be,3049,90.5215,"(n,n') XS"
9Be,6380,68.5334,"(n,n') XS"
9Be,350.6,60.6478,"(n,n') XS"
9Be,4704,55.2858,"(n,n') XS"
10B,718.38,297.823,"(n,n') XS"
10B,1021.67,74.8196,"(n,n') XS"
10B,4055.62,70.8736,"(n,n') XS"
10B,2868.75,63.1923,"(n,n') XS"
10B,6024.9,58.2961,"(n,n') XS"
11B,4444.98,211.447,"(n,n') XS"
11B,2124.69,115.859,"(n,n') XS"
11B,5020.3,66.1061,"(n,n') XS"
11B,6741.85,59.4578,"(n,n') XS"
11B,7285.51,52.6278,"(n,n') XS"
12C,4438.91,320.866,"(n,n') XS"
12C,9641,137.66,"(n,n') XS"
12C,11828,41.2036,"(n,n') XS"
12C,3215.29,38.1764,"(n,n') XS"
12C,11160,33.4923,"(n,n') XS"
14N,2312.8,168.73,"(n,n') XS"
14N,5105.89,103.462,"(n,n') XS"
14N,1635.3,69.6357,"(n,n') XS"
14N,728.36,57.7253,"(n,n') XS"
14N,6446.17,49.4129,"(n,n') XS"
16O,6129.89,267.589,"(n,n') XS"
16O,6917.1,217.45,"(n,n') XS"
16O,2742.01,94.6274,"(n,n') XS"
16O,7116.85,87.0283,"(n,n') XS"
16O,3438.9,53.8016,"(n,n') XS"
19F,197.14,272.296,"(n,n') XS"
19F,109.89,232.9,"(n,n') XS"
19F,1235.78,146.068,"(n,n') XS"
19F,2582.71,65.0697,"(n,n') XS"
19F,1348.81,38.0277,"(n,n') XS"
20Ne,1633.67,776.696,"(n,n') XS"
20Ne,2614.03,165.759,"(n,n') XS"
20Ne,3987.73,91.0764,"(n,n') XS"
20Ne,3332.84,66.8093,"(n,n') XS"
20Ne,4154.03,33.9494,"(n,n') XS"
22Ne,1274.58,466.206,"(n,n') XS"
22Ne,2083.12,129.839,"(n,n') XS"
22Ne,3181.22,38.1218,"(n,n') XS"
22Ne,2166,24.0687,"(n,n') XS"
22Ne,4635.52,22.869,"(n,n') XS"
23Na,439.99,564.11,"(n,n') XS"
23Na,1636.02,196.612,"(n,n') XS"
23Na,2263.51,73.7813,"(n,n') XS"
23Na,627.49,40.1315,"(n,n') XS"
23Na,2639.85,29.3479,"(n,n') XS"
24Mg,1368.67,907.758,"(n,n') XS"
24Mg,2754.22,199.303,"(n,n') XS"
24Mg,3866.45,88.6701,"(n,n') XS"
24Mg,4238.24,72.5261,"(n,n') XS"
24Mg,4642.17,54.2461,"(n,n') XS"
25Mg,1611.77,77.8676,"(n,n') XS"
25Mg,585.04,44.1893,"(n,n') XS"
25Mg,1793.29,33.4468,"(n,n') XS"
25Mg,974.76,23.583,"(n,n') XS"
25Mg,389.71,20.0005,"(n,n') XS"
26Mg,1808.73,549.901,"(n,n') XS"
26Mg,1129.61,159.481,"(n,n') XS"
26Mg,2510.15,56.8887,"(n,n') XS"
26Mg,1003.21,42.6347,"(n,n') XS"
26Mg,3092.57,28.8749,"(n,n') XS"
27Al,2212.01,224.427,"(n,n') XS"
27Al,1014.56,169.093,"(n,n') XS"
27Al,3004.2,148.217,"(n,n') XS"
27Al,843.76,69.7009,"(n,n') XS"
27Al,1720.34,58.398,"(n,n') XS"
28Si,1779.03,853.164,"(n,n') XS"
28Si,2838.83,194.892,"(n,n') XS"
28Si,4497.17,60.6867,"(n,n') XS"
28Si,6878.79,59.0476,"(n,n') XS"
28Si,5108.62,52.7657,"(n,n') XS"
31P,1266.13,492.662,"(n,n') XS"
31P,2233.6,259.81,"(n,n') XS"
31P,2148.47,153.438,"(n,n') XS"
31P,2028.87,111.23,"(n,n') XS"
31P,1061.4,30.3639,"(n,n') XS"
32S,2230.57,944.896,"(n,n') XS"
32S,2228.53,173.577,"(n,n') XS"
32S,2775.63,155.395,"(n,n') XS"
32S,4281.8,98.1695,"(n,n') XS"
32S,3182.03,53.9325,"(n,n') XS"
35Cl,1763.04,232.487,"(n,n') XS"
35Cl,2645.74,144.889,"(n,n') XS"
35Cl,3162.8,144.416,"(n,n') XS"
35Cl,1219.29,109.57,"(n,n') XS"
35Cl,3002.3,66.2768,"(n,n') XS"
37Cl,3103.52,162.499,"(n,n') XS"
37Cl,3086.12,55.8005,"(n,n') XS"
37Cl,906.47,51.9247,"(n,n') XS"
37Cl,1726.58,44.6271,"(n,n') XS"
37Cl,3741.19,27.7506,"(n,n') XS"
39K,2814.3,443.215,"(n,n') XS"
39K,783.2,102.875,"(n,n') XS"
39K,3597.5,100.817,"(n,n') XS"
39K,2522.5,80.5657,"(n,n') XS"
39K,1311.7,75.8074,"(n,n') XS"
40Ar,1460.85,346.808,"(n,n') XS"
40Ar,1431.75,89.8621,"(n,n') XS"
40Ar,2219.95,47.986,"(n,n') XS"
40Ar,1063.25,22.2992,"(n,n') XS"
40Ar,571.88,18.2333,"(n,n') XS"
40Ca,3736.69,580.536,"(n,n') XS"
40Ca,3904.38,334.596,"(n,n') XS"
40Ca,754.74,178.635,"(n,n') XS"
40Ca,1374.42,97.6869,"(n,n') XS"
40Ca,5248.79,47.8047,"(n,n') XS"
41K,1293.61,125.66,"(n,n') XS"
41K,1677.24,106.78,"(n,n') XS"
41K,1698,44.3998,"(n,n') XS"
41K,980.48,38.5714,"(n,n') XS"
41K,850.42,35.8656,"(n,n') XS"
45Sc,1236.7,100.397,"(n,n') XS"
45Sc,1354.2,82.2797,"(n,n') XS"
45Sc,720.12,66.1371,"(n,n') XS"
45Sc,364.1,65.1925,"(n,n') XS"
45Sc,530.66,63.2118,"(n,n') XS"
46Ti,889.29,1115.7,"(n,n') XS"
46Ti,1120.56,532.051,"(n,n') XS"
46Ti,1048.61,99.5311,"(n,n') XS"
46Ti,1289.01,68.84,"(n,n') XS"
46Ti,2323.71,45.0014,"(n,n') XS"
47Ti,159.37,379.624,"(n,n') XS"
47Ti,1284.88,119.63,"(n,n') XS"
47Ti,1092.72,99.2429,"(n,n') XS"
47Ti,1825,34.6661,"(n,n') XS"
47Ti,1223.75,28.3939,"(n,n') XS"
48Ti,983.54,697.721,"(n,n') XS"
48Ti,1312.12,288.901,"(n,n') XS"
48Ti,1037.54,73.8613,"(n,n') XS"
48Ti,2375.29,56.5823,"(n,n') XS"
48Ti,944.13,41.6745,"(n,n') XS"
49Ti,1542.15,193.614,"(n,n') XS"
49Ti,963.35,66.9008,"(n,n') XS"
49Ti,1610,53.803,"(n,n') XS"
49Ti,1622.93,36.6682,"(n,n') XS"
49Ti,1178.45,35.5922,"(n,n') XS"
50Ti,1553.78,532.417,"(n,n') XS"
50Ti,1121.13,263.601,"(n,n') XS"
50Ti,523.8,54.8594,"(n,n') XS"
50Ti,1299.99,31.3881,"(n,n') XS"
50Ti,1484.67,21.7295,"(n,n') XS"
51V,320.08,210.934,"(n,n') XS"
51V,1609.24,147.785,"(n,n') XS"
51V,869.92,79.2005,"(n,n') XS"
51V,1090.39,46.5097,"(n,n') XS"
51V,470,38.6602,"(n,n') XS"
52Cr,1434.09,826.762,"(n,n') XS"
52Cr,935.54,255.725,"(n,n') XS"
52Cr,1333.68,192.038,"(n,n') XS"
52Cr,744.23,72.423,"(n,n') XS"
52Cr,704.48,53.3694,"(n,n') XS"
53Cr,1289.52,169.954,"(n,n') XS"
53Cr,1006.27,114.013,"(n,n') XS"
53Cr,882.81,85.7201,"(n,n') XS"
53Cr,530.35,53.4701,"(n,n') XS"
53Cr,696.54,46.6474,"(n,n') XS"
54Fe,1408.19,1205.93,"(n,n') XS"
54Fe,1129.91,638.599,"(n,n') XS"
54Fe,411.1,250.952,"(n,n') XS"
54Fe,756.7,127.337,"(n,n') XS"
54Fe,844.6,62.508,"(n,n') XS"
55Mn,125.95,312.496,"(n,n') XS"
55Mn,858.31,120.68,"(n,n') XS"
55Mn,1166.16,55.5343,"(n,n') XS"
55Mn,304.84,39.9596,"(n,n') XS"
55Mn,1528.35,25.6716,"(n,n') XS"
56Fe,846.78,740.904,"(n,n') XS"
56Fe,1238.33,385.612,"(n,n') XS"
56Fe,1303.45,84.4089,"(n,n') XS"
56Fe,1037.87,62.4449,"(n,n') XS"
56Fe,1670.46,38.3569,"(n,n') XS"
58Ni,1454.21,955.859,"(n,n') XS"
58Ni,1005,446.129,"(n,n') XS"
58Ni,1160.88,86.5867,"(n,n') XS"
58Ni,1321.21,59.1809,"(n,n') XS"
58Ni,762.91,58.5265,"(n,n') XS"
59Co,1190.45,125.732,"(n,n') XS"
59Co,1459.51,120.868,"(n,n') XS"
59Co,694.11,56.886,"(n,n') XS"
59Co,1099.26,45.4426,"(n,n') XS"
59Co,1291.6,40.7514,"(n,n') XS"
60Ni,1332.52,826.4,"(n,n') XS"
60Ni,1173.25,250.422,"(n,n') XS"
60Ni,826.12,149.717,"(n,n') XS"
60Ni,1787.18,100.102,"(n,n') XS"
60Ni,467.44,62.4891,"(n,n') XS"
63Cu,962.02,241.848,"(n,n') XS"
63Cu,1326.76,202.57,"(n,n') XS"
63Cu,1350.08,48.7321,"(n,n') XS"
63Cu,881.08,44.8776,"(n,n') XS"
63Cu,1412.16,39.9162,"(n,n') XS"
64Zn,991.56,949.419,"(n,n') XS"
64Zn,1315.19,250.012,"(n,n') XS"
64Zn,807.8,204.737,"(n,n') XS"
64Zn,937.17,97.5452,"(n,n') XS"
64Zn,2007.03,75.2894,"(n,n') XS"
65Cu,1115.56,172.37,"(n,n') XS"
65Cu,1481.83,126.196,"(n,n') XS"
65Cu,2620,86.89,"(n,n') XS"
65Cu,770.64,78.7758,"(n,n') XS"
65Cu,1623.43,42.8626,"(n,n') XS"
66Zn,1039.23,679.252,"(n,n') XS"
66Zn,833.54,174.886,"(n,n') XS"
66Zn,1411.78,149.257,"(n,n') XS"
66Zn,1787.46,105.445,"(n,n') XS"
66Zn,943.84,63.8592,"(n,n') XS"
68Zn,1077.37,497.604,"(n,n') XS"
68Zn,1340.03,127.449,"(n,n') XS"
68Zn,1432.83,48.91,"(n,n') XS"
68Zn,1673.39,47.3271,"(n,n') XS"
68Zn,1882.12,44.0466,"(n,n') XS"
69Ga,574.21,266.782,"(n,n') XS"
69Ga,1190.56,176.343,"(n,n') XS"
69Ga,433.23,115.799,"(n,n') XS"
69Ga,1336.69,83.1045,"(n,n') XS"
69Ga,1107.03,67.996,"(n,n') XS"
70Ge,1039.48,809.362,"(n,n') XS"
70Ge,1113.68,286.788,"(n,n') XS"
70Ge,1522.56,144.506,"(n,n') XS"
70Ge,1143.9,96.3621,"(n,n') XS"
70Ge,668.14,86.2048,"(n,n') XS"
71Ga,487.36,204.58,"(n,n') XS"
71Ga,511.5,112.827,"(n,n') XS"
71Ga,620.16,105.044,"(n,n') XS"
71Ga,386.22,94.1677,"(n,n') XS"
71Ga,596.02,59.0402,"(n,n') XS"
72Ge,834.01,589.154,"(n,n') XS"
72Ge,894.29,196.63,"(n,n') XS"
72Ge,629.98,152.434,"(n,n') XS"
72Ge,1043.73,82.9413,"(n,n') XS"
72Ge,1670.99,36.6083,"(n,n') XS"
73Ge,825.71,96.1354,"(n,n') XS"
73Ge,284.93,20.5477,"(n,n') XS"
73Ge,868.02,17.0443,"(n,n') XS"
73Ge,68.75,14.9726,"(n,n') XS"
73Ge,297.32,11.4306,"(n,n') XS"
74Ge,595.85,517.373,"(n,n') XS"
74Ge,867.91,203.081,"(n,n') XS"
74Ge,608.36,66.0967,"(n,n') XS"
74Ge,1105.57,54.5978,"(n,n') XS"
74Ge,1026.24,46.4574,"(n,n') XS"
75As,279.54,265.862,"(n,n') XS"
75As,264.66,70.5436,"(n,n') XS"
75As,303.92,44.4844,"(n,n') XS"
75As,136,40.255,"(n,n') XS"
75As,572.41,32.3601,"(n,n') XS"
76Ge,562.93,356.384,"(n,n') XS"
76Ge,847.15,83.768,"(n,n') XS"
76Ge,545.51,77.4702,"(n,n') XS"
76Ge,1108.44,52.6781,"(n,n') XS"
76Ge,911.43,39.1914,"(n,n') XS"
76Se,559.1,732.45,"(n,n') XS"
76Se,771.76,314.825,"(n,n') XS"
76Se,931.54,122.219,"(n,n') XS"
76Se,657.04,120.06,"(n,n') XS"
76Se,1216.15,70.8206,"(n,n') XS"
77Se,13.38,106.504,"(n,n') XS"
77Se,848.84,33.9739,"(n,n') XS"
77Se,77.08,24.6013,"(n,n') XS"
77Se,249.79,23.4653,"(n,n') XS"
77Se,139.23,22.165,"(n,n') XS"
78Se,613.73,554.972,"(n,n') XS"
78Se,889.1,240.637,"(n,n') XS"
78Se,1050.43,80.0351,"(n,n') XS"
78Se,694.92,69.5741,"(n,n') XS"
78Se,1308.64,52.1848,"(n,n') XS"
79Br,589.22,127.263,"(n,n') XS"
79Br,217.1,90.6063,"(n,n') XS"
79Br,381.5,64.2865,"(n,n') XS"
79Br,261.33,35.5102,"(n,n') XS"
79Br,973.07,25.7135,"(n,n') XS"
80Se,666.27,444.309,"(n,n') XS"
80Se,1035.18,181.935,"(n,n') XS"
80Se,1124.1,34.0874,"(n,n') XS"
80Se,2050.38,29.2176,"(n,n') XS"
80Se,1194.05,27.6841,"(n,n') XS"
81Br,275.99,311.607,"(n,n') XS"
81Br,260.21,160.391,"(n,n') XS"
81Br,640.6,67.3734,"(n,n') XS"
81Br,767.04,41.3788,"(n,n') XS"
81Br,195,36.465,"(n,n') XS"
82Kr,776.52,535.724,"(n,n') XS"
82Kr,1044.01,206.844,"(n,n') XS"
82Kr,698.38,108.885,"(n,n') XS"
82Kr,1474.9,63.0571,"(n,n') XS"
82Kr,1072.81,52.8798,"(n,n') XS"
82Se,654.75,311.424,"(n,n') XS"
82Se,1080.37,116.241,"(n,n') XS"
82Se,1409.88,49.1043,"(n,n') XS"
82Se,1731.51,38.6926,"(n,n') XS"
82Se,343.39,31.762,"(n,n') XS"
83Kr,1122.06,134.902,"(n,n') XS"
83Kr,1011.8,44.4418,"(n,n') XS"
83Kr,1093.34,16.2948,"(n,n') XS"
83Kr,529.6,14.0496,"(n,n') XS"
83Kr,520.4,13.3536,"(n,n') XS"
84Kr,881.61,442.44,"(n,n') XS"
84Kr,1213.39,165.681,"(n,n') XS"
84Kr,1463.85,102.863,"(n,n') XS"
84Kr,1077.55,66.4085,"(n,n') XS"
84Kr,425.48,49.2493,"(n,n') XS"
85Rb,514.01,264.171,"(n,n') XS"
85Rb,779.36,106.587,"(n,n') XS"
85Rb,151.16,77.1985,"(n,n') XS"
85Rb,868.98,57.7137,"(n,n') XS"
85Rb,1233.79,28.424,"(n,n') XS"
86Kr,1564.75,346.79,"(n,n') XS"
86Kr,685.25,163.363,"(n,n') XS"
86Kr,1534.23,57.2883,"(n,n') XS"
86Kr,1566.48,36.4611,"(n,n') XS"
86Kr,1685.3,25.6855,"(n,n') XS"
86Sr,1076.68,629.041,"(n,n') XS"
86Sr,1153.06,372.875,"(n,n') XS"
86Sr,627.26,135.898,"(n,n') XS"
86Sr,443.1,116.985,"(n,n') XS"
86Sr,627.74,89.1866,"(n,n') XS"
87Rb,402.59,331.863,"(n,n') XS"
87Rb,1175.31,124.359,"(n,n') XS"
87Rb,1547.41,71.9751,"(n,n') XS"
87Rb,2378.39,46.5393,"(n,n') XS"
87Rb,815,35.1041,"(n,n') XS"
87Sr,1740,222.583,"(n,n') XS"
87Sr,856,39.7379,"(n,n') XS"
87Sr,2153.5,36.5274,"(n,n') XS"
87Sr,484.81,35.7708,"(n,n') XS"
87Sr,1228.42,26.4673,"(n,n') XS"
88Sr,1836.09,575.893,"(n,n') XS"
88Sr,898.05,393.983,"(n,n') XS"
88Sr,850.65,188.448,"(n,n') XS"
88Sr,434.86,78.5566,"(n,n') XS"
88Sr,1218.51,50.8623,"(n,n') XS"
89Y,1657.58,89.1978,"(n,n') XS"
89Y,1507.41,73.8427,"(n,n') XS"
89Y,1984.01,67.6885,"(n,n') XS"
89Y,1744.74,61.097,"(n,n') XS"
89Y,1962.73,43.0997,"(n,n') XS"
90Zr,2319,367.79,"(n,n') XS"
90Zr,2186.27,296.514,"(n,n') XS"
90Zr,2747.88,132.899,"(n,n') XS"
90Zr,1129.23,113.713,"(n,n') XS"
90Zr,420.3,98.8983,"(n,n') XS"
91Zr,2170.15,143.068,"(n,n') XS"
91Zr,2131.49,68.7679,"(n,n') XS"
91Zr,1466.4,46.3368,"(n,n') XS"
91Zr,89.77,44.9727,"(n,n') XS"
91Zr,2200.5,19.3045,"(n,n') XS"
92Mo,1509.51,1172.3,"(n,n') XS"
92Mo,773.1,788.312,"(n,n') XS"
92Mo,244.35,370.664,"(n,n') XS"
92Mo,329.8,178.222,"(n,n') XS"
92Mo,1340.3,90.4109,"(n,n') XS"
92Zr,934.51,286.981,"(n,n') XS"
92Zr,560.95,169.956,"(n,n') XS"
92Zr,1461.94,43.5086,"(n,n') XS"
92Zr,1405.15,29.5865,"(n,n') XS"
92Zr,990.55,29.1389,"(n,n') XS"
93Nb,949.8,112.094,"(n,n') XS"
93Nb,385.24,52.8354,"(n,n') XS"
93Nb,743.95,43.6316,"(n,n') XS"
93Nb,978.91,34.9905,"(n,n') XS"
93Nb,779.55,19.6737,"(n,n') XS"
94Mo,871.1,434.421,"(n,n') XS"
94Mo,702.66,272.464,"(n,n') XS"
94Mo,849.69,83.1859,"(n,n') XS"
94Mo,721.03,33.6899,"(n,n') XS"
94Mo,1036.81,26.0042,"(n,n') XS"
94Zr,918.75,227.798,"(n,n') XS"
94Zr,550.87,78.2275,"(n,n') XS"
94Zr,1138.88,64.4296,"(n,n') XS"
94Zr,1135.38,21.7095,"(n,n') XS"
94Zr,2719,15.1118,"(n,n') XS"
95Mo,947.69,118.841,"(n,n') XS"
95Mo,385.22,54.6356,"(n,n') XS"
95Mo,204.12,53.6112,"(n,n') XS"
95Mo,765.8,50.5068,"(n,n') XS"
95Mo,59.3,48.4501,"(n,n') XS"
96Mo,778.24,351.37,"(n,n') XS"
96Mo,849.95,130.307,"(n,n') XS"
96Mo,812.57,62.7397,"(n,n') XS"
96Mo,1091.34,37.1132,"(n,n') XS"
96Mo,719.55,30.3623,"(n,n') XS"
96Ru,832.56,679.151,"(n,n') XS"
96Ru,685.49,427.844,"(n,n') XS"
96Ru,698.76,170.716,"(n,n') XS"
96Ru,733.58,55.4292,"(n,n') XS"
96Ru,1070.36,43.4297,"(n,n') XS"
97Mo,373,147.219,"(n,n') XS"
97Mo,414,81.8644,"(n,n') XS"
97Mo,275,30.7157,"(n,n') XS"
97Mo,1118.37,28.9154,"(n,n') XS"
97Mo,480.91,27.7782,"(n,n') XS"
98Mo,787.38,299.977,"(n,n') XS"
98Mo,722.65,129.328,"(n,n') XS"
98Mo,833.57,66.637,"(n,n') XS"
98Mo,1230.14,31.1913,"(n,n') XS"
98Mo,734.75,19.63,"(n,n') XS"
98Tc,90.76,68.5817,"(n,n') XS"
98Tc,106.43,58.6764,"(n,n') XS"
98Tc,183.27,28.7163,"(n,n') XS"
98Tc,441.02,19.4587,"(n,n') XS"
98Tc,59.88,17.6418,"(n,n') XS"
99Ru,719.87,114.412,"(n,n') XS"
99Ru,350.01,63.3421,"(n,n') XS"
99Ru,340.9,62.9787,"(n,n') XS"
99Ru,502.06,42.5568,"(n,n') XS"
99Ru,707.6,23.5912,"(n,n') XS"
100Mo,535.56,378.672,"(n,n') XS"
100Mo,600.53,136.532,"(n,n') XS"
100Mo,528.21,69.1872,"(n,n') XS"
100Mo,710.98,57.7981,"(n,n') XS"
100Mo,844.5,40.37,"(n,n') XS"
100Ru,539.51,479.652,"(n,n') XS"
100Ru,686.95,204.458,"(n,n') XS"
100Ru,860.92,85.2743,"(n,n') XS"
100Ru,1627.37,24.1917,"(n,n') XS"
100Ru,822.66,19.7012,"(n,n') XS"
101Ru,306.86,136.535,"(n,n') XS"
101Ru,220.7,75.9435,"(n,n') XS"
101Ru,430.84,48.585,"(n,n') XS"
101Ru,127.23,43.4005,"(n,n') XS"
101Ru,184.14,23.931,"(n,n') XS"
102Ru,475.1,443.815,"(n,n') XS"
102Ru,631.33,180.463,"(n,n') XS"
102Ru,766.82,73.428,"(n,n') XS"
102Ru,627.95,42.7543,"(n,n') XS"
102Ru,1103.05,25.2272,"(n,n') XS"
103Rh,357.4,117.939,"(n,n') XS"
103Rh,294.96,91.8187,"(n,n') XS"
103Rh,53.28,56.3979,"(n,n') XS"
103Rh,728.41,54.7934,"(n,n') XS"
103Rh,564.72,32.6003,"(n,n') XS"
104Pd,555.81,592.732,"(n,n') XS"
104Pd,767.78,268.784,"(n,n') XS"
104Pd,1582.89,90.6272,"(n,n') XS"
104Pd,925.91,84.9965,"(n,n') XS"
104Pd,746.41,47.7702,"(n,n') XS"
104Ru,358.02,448.854,"(n,n') XS"
104Ru,530.46,171.669,"(n,n') XS"
104Ru,667.92,76.7243,"(n,n') XS"
104Ru,535.08,32.6423,"(n,n') XS"
104Ru,1391.98,24.9245,"(n,n') XS"
105Pd,306.25,173.252,"(n,n') XS"
105Pd,182.89,63.9022,"(n,n') XS"
105Pd,442.38,57.9206,"(n,n') XS"
105Pd,481.01,45.7229,"(n,n') XS"
105Pd,273,37.3748,"(n,n') XS"
106Pd,511.85,534.325,"(n,n') XS"
106Pd,873.46,153.995,"(n,n') XS"
106Pd,616.17,140.445,"(n,n') XS"
106Pd,1128.02,76.3853,"(n,n') XS"
106Pd,851.17,73.2341,"(n,n') XS"
107Ag,423.15,168.632,"(n,n') XS"
107Ag,324.81,122.406,"(n,n') XS"
107Ag,647.72,69.2635,"(n,n') XS"
107Ag,865.41,57.0121,"(n,n') XS"
107Ag,550.15,24.3705,"(n,n') XS"
108Pd,433.94,479.1,"(n,n') XS"
108Pd,614.28,175.514,"(n,n') XS"
108Pd,722.91,75.5448,"(n,n') XS"
108Pd,497.21,69.4767,"(n,n') XS"
108Pd,1612.71,34.2026,"(n,n') XS"
109Ag,415.21,117.062,"(n,n') XS"
109Ag,311.38,99.3517,"(n,n') XS"
109Ag,640.76,82.6011,"(n,n') XS"
109Ag,15.5,49.689,"(n,n') XS"
109Ag,798.06,22.7397,"(n,n') XS"
110Cd,657.76,502.704,"(n,n') XS"
110Cd,884.68,206.742,"(n,n') XS"
110Cd,937.49,83.398,"(n,n') XS"
110Cd,818.03,45.1506,"(n,n') XS"
110Cd,1420.79,42.4961,"(n,n') XS"
110Pd,373.8,455.412,"(n,n') XS"
110Pd,439.79,70.4925,"(n,n') XS"
110Pd,546.98,59.6083,"(n,n') XS"
110Pd,653.21,49.2121,"(n,n') XS"
110Pd,1663.87,33.1674,"(n,n') XS"
111Cd,245.39,90.0573,"(n,n') XS"
111Cd,571.69,60.0411,"(n,n') XS"
111Cd,171.33,46.0226,"(n,n') XS"
111Cd,284.27,37.8472,"(n,n') XS"
111Cd,342.14,24.6051,"(n,n') XS"
112Cd,617.52,462.27,"(n,n') XS"
112Cd,798.06,201.843,"(n,n') XS"
112Cd,752.45,92.4808,"(n,n') XS"
112Cd,1387.81,40.4351,"(n,n') XS"
112Cd,694.87,33.5921,"(n,n') XS"
113Cd,316.21,53.3521,"(n,n') XS"
113Cd,298.6,38.2354,"(n,n') XS"
113Cd,142.43,34.4295,"(n,n') XS"
113Cd,551.8,29.5987,"(n,n') XS"
113Cd,374.65,25.1214,"(n,n') XS"
114Cd,558.46,434.798,"(n,n') XS"
114Cd,725.28,163.723,"(n,n') XS"
114Cd,706.56,65.0755,"(n,n') XS"
114Cd,651.25,47.0815,"(n,n') XS"
114Cd,1399.64,40.5028,"(n,n') XS"
115In,1290.59,106.667,"(n,n') XS"
115In,933.78,43.2987,"(n,n') XS"
115In,1132.58,42.1492,"(n,n') XS"
115In,260.9,19.8978,"(n,n') XS"
115In,484.47,18.3869,"(n,n') XS"
116Cd,513.49,370.142,"(n,n') XS"
116Cd,705.96,156.88,"(n,n') XS"
116Cd,807.21,64.4317,"(n,n') XS"
116Cd,699.51,34.8879,"(n,n') XS"
116Cd,1213,17.1327,"(n,n') XS"
116Sn,1293.56,536.41,"(n,n') XS"
116Sn,972.6,235.106,"(n,n') XS"
116Sn,407.36,79.5802,"(n,n') XS"
116Sn,1097.32,79.4332,"(n,n') XS"
116Sn,99.82,66.2988,"(n,n') XS"
117Sn,158.56,110.56,"(n,n') XS"
117Sn,1278.52,51.5217,"(n,n') XS"
117Sn,363.92,39.4016,"(n,n') XS"
117Sn,552.98,38.9674,"(n,n') XS"
117Sn,201.44,32.823,"(n,n') XS"
118Sn,1229.67,426.75,"(n,n') XS"
118Sn,1050.68,234.879,"(n,n') XS"
118Sn,253.68,105.644,"(n,n') XS"
118Sn,40.89,54.9209,"(n,n') XS"
118Sn,1095.18,50.4266,"(n,n') XS"
119Sn,1242.52,39.7871,"(n,n') XS"
119Sn,763.14,28.9864,"(n,n') XS"
119Sn,1210,27.2136,"(n,n') XS"
119Sn,23.87,17.7507,"(n,n') XS"
119Sn,1330.93,17.112,"(n,n') XS"
120Sn,1171.27,337.635,"(n,n') XS"
120Sn,1023.03,189.799,"(n,n') XS"
120Sn,89.97,114.539,"(n,n') XS"
120Sn,197.36,58.7079,"(n,n') XS"
120Sn,1229.04,37.2697,"(n,n') XS"
121Sb,909.86,112.387,"(n,n') XS"
121Sb,374.95,81.7831,"(n,n') XS"
121Sb,327.84,56.6244,"(n,n') XS"
121Sb,1102.16,40.5347,"(n,n') XS"
121Sb,998.3,33.8526,"(n,n') XS"
123Sb,1896.4,81.1907,"(n,n') XS"
123Sb,160.33,67.4425,"(n,n') XS"
123Sb,151.2,53.7307,"(n,n') XS"
123Sb,1030.24,52.218,"(n,n') XS"
123Sb,1088.64,49.9699,"(n,n') XS"
124Sn,1131.74,295.797,"(n,n') XS"
124Sn,969.97,102.327,"(n,n') XS"
124Sn,102.91,53.3842,"(n,n') XS"
124Sn,1072.88,49.1058,"(n,n') XS"
124Sn,1090.01,32.1576,"(n,n') XS"
125Te,176.32,35.919,"(n,n') XS"
125Te,696.14,33.1426,"(n,n') XS"
125Te,659.82,33.1321,"(n,n') XS"
125Te,427.87,13.8381,"(n,n') XS"
125Te,600.6,13.6958,"(n,n') XS"
126Te,666.35,395.618,"(n,n') XS"
126Te,695.04,210.182,"(n,n') XS"
126Te,414.8,86.5721,"(n,n') XS"
126Te,720.64,35.7745,"(n,n') XS"
126Te,1719.46,26.9601,"(n,n') XS"
127I,658.89,99.7844,"(n,n') XS"
127I,415.39,93.3828,"(n,n') XS"
127I,57.61,62.0887,"(n,n') XS"
127I,114.5,51.9484,"(n,n') XS"
127I,358,51.9484,"(n,n') XS"
128Te,743.22,341.843,"(n,n') XS"
128Te,753.82,192.154,"(n,n') XS"
128Te,314.12,83.7846,"(n,n') XS"
128Te,526.57,36.9717,"(n,n') XS"
128Te,636.27,26.5574,"(n,n') XS"
129Xe,485.68,70.0659,"(n,n') XS"
129Xe,609.54,41.7255,"(n,n') XS"
129Xe,548.95,32.1226,"(n,n') XS"
129Xe,479.12,26.3933,"(n,n') XS"
129Xe,282.13,25.7829,"(n,n') XS"
130Te,839.49,298.75,"(n,n') XS"
130Te,793.5,169.515,"(n,n') XS"
130Te,182.34,59.5534,"(n,n') XS"
130Te,468.25,33.724,"(n,n') XS"
130Te,1687.57,16.1994,"(n,n') XS"
131Xe,636.99,67.6121,"(n,n') XS"
131Xe,642,47.2731,"(n,n') XS"
131Xe,177.21,45.1208,"(n,n') XS"
131Xe,364.49,28.065,"(n,n') XS"
131Xe,722.91,27.6022,"(n,n') XS"
132Xe,667.72,363.399,"(n,n') XS"
132Xe,772.61,200.203,"(n,n') XS"
132Xe,599.99,78.0278,"(n,n') XS"
132Xe,173.7,35.5229,"(n,n') XS"
132Xe,630.2,32.9177,"(n,n') XS"
133Cs,632.56,75.606,"(n,n') XS"
133Cs,624.57,58.2493,"(n,n') XS"
133Cs,365.53,55.9332,"(n,n') XS"
133Cs,81,52.7914,"(n,n') XS"
133Cs,767.68,45.0807,"(n,n') XS"
134Xe,847.04,296.7,"(n,n') XS"
134Xe,884.13,141.262,"(n,n') XS"
134Xe,441.08,39.03,"(n,n') XS"
134Xe,1570.36,30.5735,"(n,n') XS"
134Xe,234.33,24.33,"(n,n') XS"
135Ba,682.28,70.4672,"(n,n') XS"
135Ba,874.52,65.7528,"(n,n') XS"
135Ba,480.53,55.6439,"(n,n') XS"
135Ba,445.98,25.2566,"(n,n') XS"
135Ba,290.68,17.5488,"(n,n') XS"
136Ba,818.5,364.569,"(n,n') XS"
136Ba,1048.05,155.134,"(n,n') XS"
136Ba,1235.33,38.0235,"(n,n') XS"
136Ba,1550.97,24.901,"(n,n') XS"
136Ba,273.62,23.9324,"(n,n') XS"
136Xe,1313.03,332.269,"(n,n') XS"
136Xe,381.36,180.426,"(n,n') XS"
136Xe,197.32,81.6379,"(n,n') XS"
136Xe,369.83,41.0616,"(n,n') XS"
136Xe,1962.19,30.6353,"(n,n') XS"
137Ba,1588.59,61.9644,"(n,n') XS"
137Ba,382.34,44.5655,"(n,n') XS"
137Ba,907,33.2602,"(n,n') XS"
137Ba,1251.82,17.2941,"(n,n') XS"
137Ba,98.85,16.9573,"(n,n') XS"
138Ba,1435.82,352.174,"(n,n') XS"
138Ba,462.8,208.238,"(n,n') XS"
138Ba,191.93,109.9,"(n,n') XS"
138Ba,1444.94,32.4855,"(n,n') XS"
138Ba,112.56,29.9981,"(n,n') XS"
139La,165.86,89.2327,"(n,n') XS"
139La,1537.7,88.9539,"(n,n') XS"
139La,1579.8,59.5911,"(n,n') XS"
139La,455.2,49.8763,"(n,n') XS"
139La,497.3,49.8763,"(n,n') XS"
140Ce,1596.24,499.929,"(n,n') XS"
140Ce,487.02,330.31,"(n,n') XS"
140Ce,867.85,53.2238,"(n,n') XS"
140Ce,266.55,40.7719,"(n,n') XS"
140Ce,241.95,36.2447,"(n,n') XS"
141Pr,145.44,230.433,"(n,n') XS"
141Pr,972.53,124.555,"(n,n') XS"
141Pr,1349.13,91.8902,"(n,n') XS"
141Pr,650.23,72.6259,"(n,n') XS"
141Pr,15.73,43.9117,"(n,n') XS"
142Ce,641.28,284.752,"(n,n') XS"
142Ce,578.09,131.753,"(n,n') XS"
142Ce,523.68,59.1512,"(n,n') XS"
142Ce,1011.63,45.726,"(n,n') XS"
142Ce,849.45,18.8481,"(n,n') XS"
142Nd,1575.78,712.454,"(n,n') XS"
142Nd,508.16,121.423,"(n,n') XS"
142Nd,108.52,87.7964,"(n,n') XS"
142Nd,1033.32,85.7849,"(n,n') XS"
142Nd,239.21,30.6585,"(n,n') XS"
143Nd,1228.04,130.511,"(n,n') XS"
143Nd,790.83,53.08,"(n,n') XS"
143Nd,742.05,27.2362,"(n,n') XS"
143Nd,1431.23,25.6203,"(n,n') XS"
143Nd,1407.08,25.3235,"(n,n') XS"
144Nd,696.56,321.437,"(n,n') XS"
144Nd,618.11,159.454,"(n,n') XS"
144Nd,476.79,93.3984,"(n,n') XS"
144Nd,814.31,56.4033,"(n,n') XS"
144Nd,426.85,20.2167,"(n,n') XS"
145Nd,657.68,160.795,"(n,n') XS"
145Nd,744.93,52.2639,"(n,n') XS"
145Nd,453.52,42.0237,"(n,n') XS"
145Nd,748.27,20.8124,"(n,n') XS"
145Nd,675.79,18.2735,"(n,n') XS"
145Pm,652.35,44.6241,"(n,n') XS"
145Pm,653.31,37.0383,"(n,n') XS"
145Pm,750.4,36.6535,"(n,n') XS"
145Pm,733.35,35.1706,"(n,n') XS"
145Pm,669.7,30.8271,"(n,n') XS"
146Nd,453.77,347.379,"(n,n') XS"
146Nd,588.45,148.661,"(n,n') XS"
146Nd,735.85,67.9188,"(n,n') XS"
146Nd,475.3,43.9829,"(n,n') XS"
146Nd,737.8,34.1292,"(n,n') XS"
147Sm,716.62,183.354,"(n,n') XS"
147Sm,303.38,60.6369,"(n,n') XS"
147Sm,541.38,35.2166,"(n,n') XS"
147Sm,238,35.2166,"(n,n') XS"
147Sm,809.36,34.176,"(n,n') XS"
148Nd,301.7,473.329,"(n,n') XS"
148Nd,450.5,251.817,"(n,n') XS"
148Nd,489.94,83.7673,"(n,n') XS"
148Nd,527.49,72.3509,"(n,n') XS"
148Nd,364.91,34.6359,"(n,n') XS"
148Sm,550.26,374.274,"(n,n') XS"
148Sm,630.01,180.57,"(n,n') XS"
148Sm,611.27,62.8614,"(n,n') XS"
148Sm,413.99,51.0887,"(n,n') XS"
148Sm,534.39,30.3738,"(n,n') XS"
149Sm,285.94,76.6086,"(n,n') XS"
149Sm,664.05,49.2873,"(n,n') XS"
149Sm,590.89,46.1645,"(n,n') XS"
149Sm,461.61,41.8255,"(n,n') XS"
149Sm,277.07,22.5348,"(n,n') XS"
150Nd,130.21,271.836,"(n,n') XS"
150Nd,250.89,213.78,"(n,n') XS"
150Nd,339.06,81.8291,"(n,n') XS"
150Nd,413.56,34.2323,"(n,n') XS"
150Nd,804.32,32.4044,"(n,n') XS"
150Sm,333.95,421.258,"(n,n') XS"
150Sm,439.42,172.688,"(n,n') XS"
150Sm,505.55,82.7467,"(n,n') XS"
150Sm,737.45,61.7005,"(n,n') XS"
150Sm,558.11,27.6678,"(n,n') XS"
151Eu,306.02,76.0869,"(n,n') XS"
151Eu,298.48,52.3013,"(n,n') XS"
151Eu,174.7,43.5363,"(n,n') XS"
151Eu,206.63,25.2714,"(n,n') XS"
151Eu,195.18,20.4415,"(n,n') XS"
152Sm,244.7,268.789,"(n,n') XS"
152Sm,121.78,266.794,"(n,n') XS"
152Sm,340.4,114.211,"(n,n') XS"
152Sm,418.47,45.912,"(n,n') XS"
152Sm,919.33,24.164,"(n,n') XS"
153Eu,97.43,82.5171,"(n,n') XS"
153Eu,193.07,63.5398,"(n,n') XS"
153Eu,83.37,56.5851,"(n,n') XS"
153Eu,241.7,34.2973,"(n,n') XS"
153Eu,109.7,23.8298,"(n,n') XS"
154Sm,184.84,244.526,"(n,n') XS"
154Sm,277.28,107.4,"(n,n') XS"
154Sm,81.98,100.539,"(n,n') XS"
154Sm,358.65,46.9157,"(n,n') XS"
154Sm,930.42,18.4517,"(n,n') XS"
155Gd,86.55,194.355,"(n,n') XS"
155Gd,86.06,40.8215,"(n,n') XS"
155Gd,211.17,37.8049,"(n,n') XS"
155Gd,60.01,37.257,"(n,n') XS"
155Gd,106.77,26.9823,"(n,n') XS"
156Gd,199.22,267.516,"(n,n') XS"
156Gd,88.97,128.582,"(n,n') XS"
156Gd,296.53,121.766,"(n,n') XS"
156Gd,380.42,54.166,"(n,n') XS"
156Gd,1187.17,22.2958,"(n,n') XS"
157Gd,63.92,44.4415,"(n,n') XS"
157Gd,54.53,36.9283,"(n,n') XS"
157Gd,76.92,35.2866,"(n,n') XS"
157Gd,236.75,17.5358,"(n,n') XS"
157Gd,251.3,17.4006,"(n,n') XS"
158Gd,181.94,243.468,"(n,n') XS"
158Gd,277.56,112.354,"(n,n') XS"
158Gd,79.51,85.8155,"(n,n') XS"
158Gd,365.1,53.7604,"(n,n') XS"
158Gd,962.13,18.4355,"(n,n') XS"
159Tb,79.51,59.5839,"(n,n') XS"
159Tb,58,48.9513,"(n,n') XS"
159Tb,330.4,42.6933,"(n,n') XS"
159Tb,103.64,39.7058,"(n,n') XS"
159Tb,120.9,32.4091,"(n,n') XS"
160Gd,173.26,214.386,"(n,n') XS"
160Gd,266.23,95.0841,"(n,n') XS"
160Gd,75.26,68.8017,"(n,n') XS"
160Gd,353.15,45.8392,"(n,n') XS"
160Gd,913,17.3999,"(n,n') XS"
161Dy,43.82,56.6942,"(n,n') XS"
161Dy,25.65,25.4668,"(n,n') XS"
161Dy,240.4,24.5781,"(n,n') XS"
161Dy,222.66,15.2286,"(n,n') XS"
161Dy,83.83,14.2022,"(n,n') XS"
162Dy,185,243.789,"(n,n') XS"
162Dy,282.86,113.989,"(n,n') XS"
162Dy,80.66,85.9037,"(n,n') XS"
162Dy,372.76,53.9919,"(n,n') XS"
162Dy,453.8,17.6025,"(n,n') XS"
163Dy,167.35,88.506,"(n,n') XS"
163Dy,208.13,48.3383,"(n,n') XS"
163Dy,73.44,37.0207,"(n,n') XS"
163Dy,287.22,22.8701,"(n,n') XS"
163Dy,245.04,20.1217,"(n,n') XS"
164Dy,168.84,201.097,"(n,n') XS"
164Dy,259.09,97.8344,"(n,n') XS"
164Dy,73.39,60.1319,"(n,n') XS"
164Dy,342.36,49.3944,"(n,n') XS"
164Dy,754.8,21.4952,"(n,n') XS"
165Ho,94.7,102.688,"(n,n') XS"
165Ho,115.1,78.2991,"(n,n') XS"
165Ho,361.67,51.4371,"(n,n') XS"
165Ho,135.1,43.4105,"(n,n') XS"
165Ho,154.5,34.4519,"(n,n') XS"
166Er,184.41,251.996,"(n,n') XS"
166Er,280.46,133.191,"(n,n') XS"
166Er,80.58,84.6237,"(n,n') XS"
166Er,365.75,62.5177,"(n,n') XS"
166Er,438.32,20.7219,"(n,n') XS"
167Er,79.32,53.1255,"(n,n') XS"
167Er,98.65,43.0664,"(n,n') XS"
167Er,256.48,26.1708,"(n,n') XS"
167Er,338.24,22.5214,"(n,n') XS"
167Er,346.55,20.0608,"(n,n') XS"
168Er,184.28,207.464,"(n,n') XS"
168Er,284.66,93.4187,"(n,n') XS"
168Er,79.8,77.1644,"(n,n') XS"
168Er,379.56,45.6527,"(n,n') XS"
168Er,815.99,29.3837,"(n,n') XS"
169Tm,109.78,108.39,"(n,n') XS"
169Tm,228.74,86.6053,"(n,n') XS"
169Tm,130.52,61.3101,"(n,n') XS"
169Tm,323.57,32.0669,"(n,n') XS"
169Tm,197.96,31.6224,"(n,n') XS"
170Er,181.55,196.641,"(n,n') XS"
170Er,280.57,87.7818,"(n,n') XS"
170Er,78.6,71.3513,"(n,n') XS"
170Er,374.3,41.6029,"(n,n') XS"
170Er,461.58,13.2709,"(n,n') XS"
171Yb,75.88,26.6852,"(n,n') XS"
171Yb,66.73,23.1159,"(n,n') XS"
171Yb,19.4,21.5479,"(n,n') XS"
171Yb,170.74,20.3955,"(n,n') XS"
171Yb,242.3,19.1182,"(n,n') XS"
172Yb,181.52,206.85,"(n,n') XS"
172Yb,279.71,121.9,"(n,n') XS"
172Yb,78.74,68.5804,"(n,n') XS"
172Yb,372.14,58.5224,"(n,n') XS"
172Yb,457.95,18.6153,"(n,n') XS"
173Yb,78.65,56.3509,"(n,n') XS"
173Yb,100.72,48.9947,"(n,n') XS"
173Yb,122.49,25.9454,"(n,n') XS"
173Yb,266.34,23.219,"(n,n') XS"
173Yb,272.12,21.8595,"(n,n') XS"
174Yb,176.65,176.132,"(n,n') XS"
174Yb,272.92,101.163,"(n,n') XS"
174Yb,76.47,58.3629,"(n,n') XS"
174Yb,363.9,46.9073,"(n,n') XS"
174Yb,446.07,16.2512,"(n,n') XS"
175Lu,113.81,85.1485,"(n,n') XS"
175Lu,353.48,75.0596,"(n,n') XS"
175Lu,137.66,38.3337,"(n,n') XS"
175Lu,343.38,31.2636,"(n,n') XS"
175Lu,251.46,29.5509,"(n,n') XS"
176Hf,201.83,240.439,"(n,n') XS"
176Hf,306.64,132.31,"(n,n') XS"
176Hf,88.35,96.9633,"(n,n') XS"
176Hf,400.91,58.8806,"(n,n') XS"
176Hf,483.33,18.9589,"(n,n') XS"
176Yb,189.71,161.928,"(n,n') XS"
176Yb,82.13,75.6016,"(n,n') XS"
176Yb,292.65,70.5405,"(n,n') XS"
176Yb,1436.79,32.3273,"(n,n') XS"
176Yb,389.4,31.7785,"(n,n') XS"
177Hf,112.95,85.043,"(n,n') XS"
177Hf,249.68,64.352,"(n,n') XS"
177Hf,208.37,42.378,"(n,n') XS"
177Hf,296.46,33.3528,"(n,n') XS"
177Hf,385.03,23.921,"(n,n') XS"
178Hf,213.44,176.253,"(n,n') XS"
178Hf,93.18,103.411,"(n,n') XS"
178Hf,325.56,81.2365,"(n,n') XS"
178Hf,426.37,26.9643,"(n,n') XS"
178Hf,216.66,22.3122,"(n,n') XS"
179Hf,122.79,94.2579,"(n,n') XS"
179Hf,146.13,47.3571,"(n,n') XS"
179Hf,214.34,43.6927,"(n,n') XS"
179Hf,268.92,18.6615,"(n,n') XS"
179Hf,315.89,18.3967,"(n,n') XS"
180Hf,215.25,165.117,"(n,n') XS"
180Hf,93.32,99.658,"(n,n') XS"
180Hf,332.28,69.8328,"(n,n') XS"
180Hf,443.08,19.7482,"(n,n') XS"
180Hf,243.7,13.1378,"(n,n') XS"
181Ta,136.26,91.3228,"(n,n') XS"
181Ta,165.36,34.9428,"(n,n') XS"
181Ta,482.17,32.6288,"(n,n') XS"
181Ta,152.32,32.5819,"(n,n') XS"
181Ta,331.3,24.6757,"(n,n') XS"
182W,229.32,221.891,"(n,n') XS"
182W,350.99,136.68,"(n,n') XS"
182W,100.11,131.793,"(n,n') XS"
182W,463.9,75.3621,"(n,n') XS"
182W,567.67,24.8764,"(n,n') XS"
183W,209.87,51.2796,"(n,n') XS"
183W,46.48,38.541,"(n,n') XS"
183W,99.08,33.7423,"(n,n') XS"
183W,52.59,28.0099,"(n,n') XS"
183W,375.2,25.4736,"(n,n') XS"
184W,111.22,185.222,"(n,n') XS"
184W,252.85,184.399,"(n,n') XS"
184W,384.25,86.1694,"(n,n') XS"
184W,503.88,40.4685,"(n,n') XS"
184W,903.31,17.5068,"(n,n') XS"
185Re,125.36,107.238,"(n,n') XS"
185Re,242.94,86.653,"(n,n') XS"
185Re,158.84,52.5923,"(n,n') XS"
185Re,237.3,26.8004,"(n,n') XS"
185Re,350.34,26.2983,"(n,n') XS"
186W,122.63,188.781,"(n,n') XS"
186W,273.92,163.33,"(n,n') XS"
186W,412.7,89.0695,"(n,n') XS"
186W,539.95,43.2353,"(n,n') XS"
186W,737.96,20.0204,"(n,n') XS"
187Re,134.24,90.6488,"(n,n') XS"
187Re,182.38,60.467,"(n,n') XS"
187Re,169.12,40.7416,"(n,n') XS"
187Re,214.84,40.4896,"(n,n') XS"
187Re,236.08,30.3957,"(n,n') XS"
188Os,155.02,289.091,"(n,n') XS"
188Os,322.92,170.728,"(n,n') XS"
188Os,462.37,91.0368,"(n,n') XS"
188Os,574.39,42.5019,"(n,n') XS"
188Os,634.96,40.8614,"(n,n') XS"
189Os,288,74.342,"(n,n') XS"
189Os,66.54,31.4307,"(n,n') XS"
189Os,280.47,9.54159,"(n,n') XS"
189Os,219.39,6.95734,"(n,n') XS"
189Os,346.87,6.48377,"(n,n') XS"
190Os,186.72,318.638,"(n,n') XS"
190Os,361.14,138.234,"(n,n') XS"
190Os,502.53,68.0103,"(n,n') XS"
190Os,569.3,31.5566,"(n,n') XS"
190Os,557.98,27.3622,"(n,n') XS"
191Ir,419.84,57.7313,"(n,n') XS"
191Ir,385.35,25.7977,"(n,n') XS"
191Ir,219.65,18.5993,"(n,n') XS"
191Ir,343.23,16.2005,"(n,n') XS"
191Ir,373.2,15.7073,"(n,n') XS"
192Os,205.79,253.189,"(n,n') XS"
192Os,374.49,87.9473,"(n,n') XS"
192Os,508.95,44.6167,"(n,n') XS"
192Os,489.06,38.9168,"(n,n') XS"
192Os,484.58,37.1182,"(n,n') XS"
193Ir,398.75,55.4797,"(n,n') XS"
193Ir,357.77,30.847,"(n,n') XS"
193Ir,218.83,26.8383,"(n,n') XS"
193Ir,219.16,25.3067,"(n,n') XS"
193Ir,138.94,24.5308,"(n,n') XS"
194Pt,328.46,360.294,"(n,n') XS"
194Pt,482.8,166.657,"(n,n') XS"
194Pt,562.48,89.3839,"(n,n') XS"
194Pt,293.54,59.123,"(n,n') XS"
194Pt,300.75,36.0432,"(n,n') XS"
195Pt,172.7,47.418,"(n,n') XS"
195Pt,290.28,33.7244,"(n,n') XS"
195Pt,419.7,30.7789,"(n,n') XS"
195Pt,211.4,22.182,"(n,n') XS"
195Pt,98.88,14.5337,"(n,n') XS"
196Pt,355.68,341.403,"(n,n') XS"
196Pt,521.18,171.173,"(n,n') XS"
196Pt,393.35,100.873,"(n,n') XS"
196Pt,333.01,49.688,"(n,n') XS"
196Pt,447.09,30.5247,"(n,n') XS"
197Au,279,122.047,"(n,n') XS"
197Au,547.5,59.9674,"(n,n') XS"
197Au,457.7,50.819,"(n,n') XS"
197Au,882,43.641,"(n,n') XS"
197Au,502.5,37.8372,"(n,n') XS"
198Hg,411.8,381.116,"(n,n') XS"
198Hg,636.69,252.354,"(n,n') XS"
198Hg,587.11,153.43,"(n,n') XS"
198Hg,227.5,39.646,"(n,n') XS"
198Hg,767.34,24.4596,"(n,n') XS"
198Pt,407.22,307.893,"(n,n') XS"
198Pt,577.85,138.957,"(n,n') XS"
198Pt,381.96,82.9268,"(n,n') XS"
198Pt,367.5,62.692,"(n,n') XS"
198Pt,670.6,21.2404,"(n,n') XS"
199Hg,291.4,62.2227,"(n,n') XS"
199Hg,73.4,38.0709,"(n,n') XS"
199Hg,413.84,37.2255,"(n,n') XS"
199Hg,638,35.1414,"(n,n') XS"
199Hg,158.38,28.9161,"(n,n') XS"
200Hg,367.94,319.742,"(n,n') XS"
200Hg,579.3,198.611,"(n,n') XS"
200Hg,759.47,92.3363,"(n,n') XS"
200Hg,255.88,44.7411,"(n,n') XS"
200Hg,904.24,21.4537,"(n,n') XS"
201Hg,521.05,141.682,"(n,n') XS"
201Hg,405.68,55.9518,"(n,n') XS"
201Hg,630,19.439,"(n,n') XS"
201Hg,223,19.439,"(n,n') XS"
201Hg,414.54,15.3724,"(n,n') XS"
202Hg,439.51,250.23,"(n,n') XS"
202Hg,680.33,79.9025,"(n,n') XS"
202Hg,520.43,60.0576,"(n,n') XS"
202Hg,1801,52.7136,"(n,n') XS"
202Hg,868.75,24.9428,"(n,n') XS"
203Tl,279.2,237.906,"(n,n') XS"
203Tl,905.08,122.132,"(n,n') XS"
203Tl,168.36,59.7157,"(n,n') XS"
203Tl,401.32,45.7965,"(n,n') XS"
203Tl,231.99,38.4192,"(n,n') XS"
204Hg,436.55,296.819,"(n,n') XS"
204Hg,691.68,218.211,"(n,n') XS"
204Hg,1062.78,77.1221,"(n,n') XS"
204Hg,1529.07,42.498,"(n,n') XS"
204Hg,1107.71,18.805,"(n,n') XS"
205Tl,203.68,186.85,"(n,n') XS"
205Tl,720.06,144.26,"(n,n') XS"
205Tl,505.81,84.8799,"(n,n') XS"
205Tl,415.72,67.5079,"(n,n') XS"
205Tl,54.38,56.9694,"(n,n') XS"
206Pb,803.05,265.588,"(n,n') XS"
206Pb,516.17,103.091,"(n,n') XS"
206Pb,880.94,101.49,"(n,n') XS"
206Pb,537.44,74.095,"(n,n') XS"
206Pb,343.5,35.9229,"(n,n') XS"
207Pb,569.7,179.529,"(n,n') XS"
207Pb,1063.66,82.9655,"(n,n') XS"
207Pb,3004,50.2902,"(n,n') XS"
207Pb,53,33.4374,"(n,n') XS"
207Pb,1770.22,24.3474,"(n,n') XS"
208Pb,2614.52,295.064,"(n,n') XS"
208Pb,583.19,186.42,"(n,n') XS"
208Pb,510.74,35.1316,"(n,n') XS"
208Pb,1413.04,26.3439,"(n,n') XS"
208Pb,839.73,17.2634,"(n,n') XS"
209Bi,1608.58,116.443,"(n,n') XS"
209Bi,896.29,44.353,"(n,n') XS"
209Bi,992.34,41.3948,"(n,n') XS"
209Bi,245.74,40.2503,"(n,n') XS"
209Bi,2741.05,37.1538,"(n,n') XS"
209Po,544.95,239.453,"(n,n') XS"
209Po,781.82,181.412,"(n,n') XS"
209Po,854.32,34.9628,"(n,n') XS"
209Po,1175.3,32.3669,"(n,n') XS"
209Po,239.2,24.5587,"(n,n') XS"
210At,576.4,143.382,"(n,n') XS"
210At,675.5,115.046,"(n,n') XS"
210At,507.4,68.9032,"(n,n') XS"
210At,393.6,24.4891,"(n,n') XS"
210At,542,19.9797,"(n,n') XS"
222Rn,186.21,158.387,"(n,n') XS"
222Rn,262.16,88.44,"(n,n') XS"
222Rn,320.13,71.708,"(n,n') XS"
222Rn,359.6,34.7237,"(n,n') XS"
222Rn,449.26,29.2631,"(n,n') XS"
223Fr,70,48.6629,"(n,n') XS"
223Fr,296.87,29.8925,"(n,n') XS"
223Fr,207.04,29.8925,"(n,n') XS"
223Fr,140.85,18.5645,"(n,n') XS"
223Fr,160.43,10.9809,"(n,n') XS"
226Ra,204.96,56.5274,"(n,n') XS"
226Ra,143.87,54.6144,"(n,n') XS"
226Ra,252.9,39.8798,"(n,n') XS"
226Ra,210.2,21.3912,"(n,n') XS"
226Ra,290.5,17.947,"(n,n') XS"
227Ac,79,23.0191,"(n,n') XS"
227Ac,28.29,23.0191,"(n,n') XS"
227Ac,22,22.4161,"(n,n') XS"
227Ac,38.22,22.4161,"(n,n') XS"
227Ac,27.37,22.2531,"(n,n') XS"
231Pa,110.03,18.4792,"(n,n') XS"
231Pa,32.59,13.0475,"(n,n') XS"
231Pa,115.81,10.7714,"(n,n') XS"
231Pa,107.7,6.92568,"(n,n') XS"
231Pa,128,6.92568,"(n,n') XS"
232Th,171.14,69.0936,"(n,n') XS"
232Th,223.64,59.2047,"(n,n') XS"
232Th,269.9,33.5102,"(n,n') XS"
232Th,112.75,32.8933,"(n,n') XS"
232Th,310.3,11.9432,"(n,n') XS"
237Np,59.54,24.7304,"(n,n') XS"
237Np,156.09,11.6767,"(n,n') XS"
237Np,197.18,10.4392,"(n,n') XS"
237Np,115.63,4.69354,"(n,n') XS"
237Np,169.57,4.4339,"(n,n') XS"
238U,210.92,36.117,"(n,n') XS"
238U,158.8,35.0616,"(n,n') XS"
238U,257.8,22.258,"(n,n') XS"
238U,635.19,19.6261,"(n,n') XS"
238U,680.11,15.5021,"(n,n') XS"
243Am,190,32.1116,"(n,n') XS"
243Am,689,24.4231,"(n,n') XS"
243Am,229,24.4231,"(n,n') XS"
243Am,18.8,22.5352,"(n,n') XS"
243Am,120.1,22.5352,"(n,n') XS"
244Pu,217.1,26.3663,"(n,n') XS"
244Pu,162.9,17.8381,"(n,n') XS"
244Pu,267.4,15.9019,"(n,n') XS"
244Pu,313.5,7.17047,"(n,n') XS"
244Pu,671.3,6.27126,"(n,n') XS"
247Bk,71.6,126.802,"(n,n') XS"
247Bk,128,50.9895,"(n,n') XS"
247Bk,11.5,35.2467,"(n,n') XS"
247Bk,96.2,35.2467,"(n,n') XS"
247Bk,113.2,32.1722,"(n,n') XS"
247Cm,530,43.3775,"(n,n') XS"
247Cm,134.65,7.39821,"(n,n') XS"
247Cm,552.35,6.27336,"(n,n') XS"
247Cm,95,6.27336,"(n,n') XS"
247Cm,61.67,6.16194,"(n,n') XS"
251Cf,78.69,30.8623,"(n,n') XS"
251Cf,184.59,8.11216,"(n,n') XS"
251Cf,273.03,6.93192,"(n,n') XS"
251Cf,243.71,6.93192,"(n,n') XS"
251Cf,182.29,5.59298,"(n,n') XS"
252Es,157,99.9999,"(n,n') XS"
252Es,92,67.6104,"(n,n') XS"
252Es,142,64.9279,"(n,n') XS"
252Es,234,64.9279,"(n,n') XS"
252Es,152,45.9024,"(n,n') XS"
